shape_id,shape_pt_lat,shape_pt_lon,shape_pt_sequence,shape_dist_traveled
SHP-OCSB-201,45.395100,-75.751200,1,0
SHP-OCSB-201,45.394700,-75.753200,2,200
SHP-OCSB-201,45.394200,-75.755300,3,400
SHP-OCSB-201,45.393100,-75.757700,4,700
SHP-OCSB-201,45.392000,-75.760000,5,1000
