shape_id,shape_pt_lat,shape_pt_lon,shape_pt_sequence,shape_dist_traveled
SHP-RCDSB-401,45.826800,-77.110600,1,0
SHP-RCDSB-401,45.825400,-77.112900,2,260
SHP-RCDSB-401,45.824100,-77.115200,3,520
SHP-RCDSB-401,45.822300,-77.117600,4,790
SHP-RCDSB-401,45.820500,-77.120000,5,1060
